Commodity,Operator ID,name,Intrastate Miles,Intrastate HCA Miles,Interstate Miles,Interstate HCA Miles,miles,Miles of Gathering,Interstate Tanks,Intrastate Tanks,tanks
REFINED PP,22610,"MAGELLAN PIPELINE COMPANY, LP",27.2,27.18,"9,069.30","3,899.22",9097,0,592,2,594
REFINED PP,2552,COLONIAL PIPELINE CO,,,"5,600.10","4,398.43",5600,0,517,0,517
REFINED PP,1845,"BUCKEYE PARTNERS, LP",9.7,8.35,"6,212.70","3,829.55",6222,0,502,11,513
REFINED PP,15674,PLANTATION PIPE LINE CO,,,"3,172.10","2,561.96",3172,0,207,0,207
REFINED PP,32147,MARATHON PIPE LINE LLC,143.8,129.8,"3,302.40","2,131.30",3446,0,200,3,203
REFINED PP,31684,PHILLIPS 66 PIPELINE LLC,411.2,291.89,"3,827.40","1,888.25",4239,0,195,19,214
CRUDE OIL,26085,"PLAINS MARKETING, L.P.",442.9,110.39,2.3,0.77,445,25.3,138,71,209
REFINED PP,4805,EXPLORER PIPELINE CO,,,"1,836.90","1,346.31",1837,0,137,0,137
CRUDE OIL,300,"PLAINS PIPELINE, L.P.","4,503.00",639.51,"4,847.60","1,306.47",9351,101.1,135,119,254
REFINED PP,18718,SUNOCO PIPELINE L.P.,877.2,324.21,"1,229.70",909.05,2107,0,125,10,135
REFINED PP,31618,ENTERPRISE PRODUCTS OPERATING LLC,711.3,395.84,316.7,189.35,1028,0,122,52,174
REFINED PP,18092,"SFPP, LP","1,056.30",646.18,"1,788.30","1,124.35",2845,0,102,41,143
CRUDE OIL,11169,"ENBRIDGE ENERGY, LIMITED PARTNERSHIP",,,"4,367.00","2,120.13",4367,0,99,0,99
CRUDE OIL,32147,MARATHON PIPE LINE LLC,203.8,140.2,"2,066.10","1,465.10",2270,0,92,2,94
CRUDE OIL,39145,ENBRIDGE STORAGE (CUSHING) L.L.C.,,,,,,,82,0,82
CRUDE OIL,30829,ENTERPRISE CRUDE PIPELINE LLC,"1,188.80",253.07,"2,021.20",721.25,3210,0,81,95,176
CRUDE OIL,31684,PHILLIPS 66 PIPELINE LLC,706.3,460.8,"2,048.70",518.58,2755,34.6,78,36,114
CRUDE OIL,39706,SUNOCO PARTNERS MARKETING & TERMINALS LP,,,,,,,74,0,74
CRUDE OIL,31580,"MAGELLAN TERMINALS HOLDINGS, LP",13.9,13.86,11.9,0.41,26,0,73,25,98
REFINED PP,10012,NUSTAR PIPELINE OPERATING PARTNERSHIP L.P.,6.8,5.7,"2,295.40",858,2302,0,72,0,72
CRUDE OIL,18718,SUNOCO PIPELINE L.P.,"2,003.90",663.59,"1,340.10",464.87,3344,212.1,70,58,128
REFINED PP,31174,"SHELL PIPELINE CO., L.P.",181.2,135.6,176.4,148,358,0,67,80,147
CRUDE OIL,31174,"SHELL PIPELINE CO., L.P.",476.9,288.8,"2,119.70",697.7,2597,22.8,60,77,137
CRUDE OIL,12470,MID - VALLEY PIPELINE CO,,,"1,114.40",650.47,1114,0,55,0,55
HVL FLAMM TOXIC,31684,PHILLIPS 66 PIPELINE LLC,"1,137.60",506.85,"3,263.20",759.3,4401,0,48,0,48
CRUDE OIL,31720,"EXPRESS HOLDINGS (USA), LLC",,,"1,453.60",442.54,1454,0,46,0,46
CRUDE OIL,39504,"MAGELLAN CRUDE OIL PIPELINE COMPANY, L.P.",117.2,116.34,475.9,117.73,593,0,41,1,42
CRUDE OIL,38933,"TESORO LOGISTICS OPERATIONS, LLC",46.5,42.8,"1,050.60",220.7,1097,118.8,39,32,71
CRUDE OIL,31574,"WESTERN REFINING LOGISTICS, LP",4.8,4.8,855.7,126.5,861,5,38,9,47
REFINED PP,38933,"TESORO LOGISTICS OPERATIONS, LLC",173.1,173.1,"1,200.50",484.2,1374,0,38,61,99
CRUDE OIL,31476,ROSE ROCK MIDSTREAM L.P.,120,42.53,455.8,128.03,576,0,37,9,46
REFINED PP,32688,WEST COAST TERMINAL PIPELINE (WCTP),29.1,14.57,8.5,8.46,38,0,35,62,97
CRUDE OIL,11733,LOOP LLC,,,114.1,48.72,114,0,33,0,33
HVL FLAMM TOXIC,32109,"ONEOK NGL PIPELINE, LLC","2,762.90","1,002.65","8,478.00","3,528.83",11241,0,33,0,33
HVL FLAMM TOXIC,10012,NUSTAR PIPELINE OPERATING PARTNERSHIP L.P.,,,"2,306.90","1,781.60",2307,0,32,0,32
REFINED PP,26041,"KINDER MORGAN LIQUID TERMINALS, LLC",84.9,56.21,9.4,9.44,94,0,32,315,347
CRUDE OIL,1248,BELLE FOURCHE PIPELINE CO,,,682,38,682,72,31,0,31
CRUDE OIL,39596,PERMIAN EXPRESS PARTNERS LLC,28.6,27.06,"1,687.00",913.56,1716,0,29,2,31
REFINED PP,4906,EXXONMOBIL PIPELINE CO,596.4,512.31,46.7,45.5,643,0,29,3,32
REFINED PP,26125,CALNEV PIPELINE CO,61.1,41.06,504.9,351.88,566,0,29,0,29
REFINED PP,31454,"NUSTAR LOGISTICS, L.P.",655.9,247.9,"1,946.80",339.7,2603,0,27,21,48
CRUDE OIL,22855,"FLINT HILLS RESOURCES, LC",643,149.76,"1,433.70",414.9,2077,0,26,27,53
CRUDE OIL,9175,JAYHAWK PIPELINE LLC,206.3,78.43,695.9,196.79,902,0,25,7,32
CRUDE OIL,15774,NORTH DAKOTA PIPELINE COMPANY LLC,,,755.5,151.97,756,0,24,0,24
REFINED PP,32011,"HOLLY ENERGY PARTNERS - OPERATING, L.P.",746.1,204.68,646.6,97.41,1393,0,24,17,41
CRUDE OIL,22442,WEST TEXAS GULF PIPELINE CO,,,583.3,201.53,583,0,22,0,22
HVL FLAMM TOXIC,31618,ENTERPRISE PRODUCTS OPERATING LLC,"5,926.00","2,409.08","15,001.40","5,317.10",20928,31,22,36,58
CRUDE OIL,31189,BP PIPELINE (NORTH AMERICA) INC.,5.3,1.8,"1,015.50",708.8,1021,0,21,0,21
HVL FLAMM TOXIC,30909,TRANSMONTAIGNE OPERATING COMPANY L.P.,,,32.7,32.74,33,0,21,0,21
REFINED PP,15156,SINCLAIR TRANSPORTATION COMPANY,114,44,450,274,564,0,21,0,21
CRUDE OIL,2731,CHEVRON PIPE LINE CO,93.3,42.3,780.8,261.6,874,41.6,20,0,20
CRUDE OIL,31888,CENTURION PIPELINE L.P.,"1,420.20",59.9,"1,226.30",200.6,2647,0,20,48,68
CRUDE OIL,31045,"GENESIS PIPELINE USA, L.P.",,,367.3,192.58,367,0,19,0,19
REFINED PP,38922,MIPC LLC,,,52.6,50.41,53,0,19,0,19
CRUDE OIL,39205,"DAPL-ETCO OPERATIONS MANAGEMENT, LLC",,,"1,917.10",950.64,1917,0,18,0,18
REFINED PP,2170,CENEX PIPELINE LLC,,,685.6,310.7,686,0,18,0,18
CRUDE OIL,39841,RED BUTTE PIPELINE LLC,0.3,0,329.7,90.6,330,81.2,16,0,16
CRUDE OIL,2387,CITGO PIPELINE CO,,,82.1,59.15,82,0,15,0,15
CRUDE OIL,39043,"TALLGRASS PONY EXPRESS PIPELINE, LLC",,,834.2,528.26,834,0,15,0,15
REFINED PP,32044,BP USFO/LOGISTICS,,,,,,,15,0,15
CRUDE OIL,1960,BUTTE PIPELINE CO,,,459,27,459,0,13,0,13
CRUDE OIL,5081,"COFFEYVILLE RESOURCES CRUDE TRANSPORTATION, LLC",150,53.76,300.1,180.46,450,320.8,13,0,13
REFINED PP,22430,WEST SHORE PIPELINE CO,,,614,405.36,614,0,13,0,13
CRUDE OIL,4906,EXXONMOBIL PIPELINE CO,219.1,96.03,444.9,277.7,664,0,12,6,18
CRUDE OIL,22610,"MAGELLAN PIPELINE COMPANY, LP",68.7,17.1,"1,225.80",246.09,1295,0,11,1,12
CRUDE OIL,26061,"DELEK CRUDE LOGISTICS, LLC.",289.2,79.19,142.9,7.88,432,0,11,15,26
REFINED PP,4430,VALERO TERMINALING AND DISTRIBUTION COMPANY,0.5,0.45,13.8,13.85,14,0,11,0,11
REFINED PP,30781,OLYMPIC PIPE LINE COMPANY,46.3,41.1,367,339.5,413,0,11,3,14
REFINED PP,31288,"FLINT HILLS RESOURCES PINE BEND, LLC",,,,,,,11,0,11
CRUDE OIL,31878,BRIDGER PIPELINE LLC,,,452,51,452,78,10,0,10
REFINED PP,18386,BP OIL PIPELINE CO,15.5,15.4,92.9,92.2,108,0,10,5,15
REFINED PP,19481,T & M TERMINAL CO,,,1.5,0,2,0,10,0,10
CRUDE OIL,26049,"COUNTRYMARK REFINING AND LOGISTICS, LLC",28.4,0.16,186.4,85.32,215,67.5,9,0,9
CRUDE OIL,26149,ALYESKA PIPELINE SERVICE CO,,,800,382.4,800,0,9,0,9
CRUDE OIL,32011,"HOLLY ENERGY PARTNERS - OPERATING, L.P.",302.2,53.58,582.1,140.74,884,7.6,9,33,42
CRUDE OIL,32334,TC OIL PIPELINE OPERATIONS INC,,,"1,926.10",787.54,1926,0,9,0,9
CRUDE OIL,39654,ORYX DELAWARE OIL TRANSPORT LLC,10.7,0.11,70.2,7,81,0,9,0,9
HVL FLAMM TOXIC,22610,"MAGELLAN PIPELINE COMPANY, LP",,,653.8,214.93,654,0,8,0,8
CRUDE OIL,4430,VALERO TERMINALING AND DISTRIBUTION COMPANY,4.6,4.44,1.1,0.87,6,0,7,1,8
CRUDE OIL,10250,KIANTONE PIPELINE CORP,,,78.3,41.4,78,0,7,0,7
CRUDE OIL,31454,"NUSTAR LOGISTICS, L.P.",795.5,155.9,146.3,33.6,942,0,7,30,37
CRUDE OIL,31957,KINDER MORGAN WINK PIPELINE LLC,2,0,433,60,435,0,7,0,7
CRUDE OIL,39336,"BR PORT SERVICES, LLC",,,3.9,3.91,4,0,7,0,7
CRUDE OIL,39389,"GEL TEXAS PIPELINE, LLC",,,25.2,25.03,25,0,7,0,7
CRUDE OIL,39440,DOUBLE H,,,512.1,91.76,512,0,7,0,7
HVL FLAMM TOXIC,1845,"BUCKEYE PARTNERS, LP",16.7,16.74,16.1,12.12,33,0,7,15,22
REFINED PP,22830,WOLVERINE PIPELINE CO,,,948.7,513.89,949,0,7,0,7
REFINED PP,39105,VALERO PARTNERS OPERATING CO. LLC,34.2,32.82,181.4,123.3,216,0,7,17,24
CRUDE OIL,32532,"ENERGY XXI PIPELINE, LLC",6.5,0,304.8,11.29,311,6.1,6,0,6
REFINED PP,18678,ST LOUIS PIPELINE OPERATING LLC,,,21.8,21.82,22,0,6,0,6
REFINED PP,30909,TRANSMONTAIGNE OPERATING COMPANY L.P.,47.2,30.68,85,44.07,132,0,6,58,64
REFINED PP,32683,INLAND CORPORATION,,,600.5,273.29,601,0,6,0,6
CRUDE OIL,7660,HUNT CRUDE OIL SUPPLY CO,30.3,3.37,202.7,109.03,233,20.6,5,2,7
CRUDE OIL,32258,PEMBINA COCHIN LLC,,,"1,190.30",313.94,1190,0,5,0,5
CRUDE OIL,39084,"CRIMSON GULF, LLC",,,886.2,119.21,886,0,5,0,5
CRUDE OIL,39822,"SCM PR, LLC",,,146.6,0,147,0,5,0,5
REFINED PP,395,AMOCO OIL CO,,,"1,152.20",662.3,1152,0,5,0,5
REFINED PP,38887,IMTT EPIC LLC,17.1,11.62,73,14.17,90,0,5,3,8
CRUDE OIL,19585,TRANS MOUNTAIN PIPELINE (PUGET SOUND) LLC,,,64,34,64,0,4,0,4
CRUDE OIL,31948,ENBRIDGE STORAGE (PATOKA) L.L.C.,,,,,,,4,0,4
REFINED PP,31371,"BUCKEYE DEVELOPMENT & LOGISTICS, LLC",6.2,6.2,83.3,67.85,90,0,4,3,7
CRUDE OIL,31579,"MAGELLAN PIPELINES HOLDINGS, LP",5.9,5.9,147.6,72.19,154,0,3,0,3
CRUDE OIL,31822,SUNCOR ENERGY (USA) PIPELINE CO.,244.7,74.4,122.6,44.3,367,0,3,9,12
CRUDE OIL,31871,"MARKWEST MICHIGAN PIPELINE COMPANY, L.L.C.",,,151.4,27.48,151,0,3,0,3
CRUDE OIL,39105,VALERO PARTNERS OPERATING CO. LLC,19.7,19.05,197.2,68.03,217,0,3,0,3
CRUDE OIL,39973,WRB REFINING LP - WOOD RIVER REFINERY,,,,,,,3,0,3
HVL FLAMM TOXIC,26085,"PLAINS MARKETING, L.P.",11.6,7.62,63.2,41.77,75,0,3,4,7
REFINED PP,1248,BELLE FOURCHE PIPELINE CO,,,76,0,76,0,3,0,3
REFINED PP,7063,HARBOR PIPELINE CO,,,80.4,78.41,80,0,3,0,3
REFINED PP,32502,ENBRIDGE PIPELINES (SOUTHERN LIGHTS) L.L.C.,,,817.3,473.84,817,0,3,0,3
CRUDE OIL,18667,FREEPORT-MCMORAN OIL & GAS,,,72.2,72.38,72,24.1,2,0,2
CRUDE OIL,26065,CHS MCPHERSON REFINERY INC.,,,,,,,2,0,2
CRUDE OIL,31448,ENBRIDGE PIPELINES (TOLEDO) INC,,,148.7,77.84,149,0,2,0,2
CRUDE OIL,31723,EXXONMOBIL FUELS AND LUBRICANTS COMPANY,11,11.02,0.4,0.43,11,0,2,0,2
CRUDE OIL,39887,"TEXOMA CRUDE OIL PIPELINE CO., LLC",701.6,185.79,237.7,21.61,939,12.9,2,45,47
HVL FLAMM TOXIC,11169,"ENBRIDGE ENERGY, LIMITED PARTNERSHIP",,,324.8,163.74,325,0,2,0,2
HVL FLAMM TOXIC,18718,SUNOCO PIPELINE L.P.,120.5,91.38,900,597.1,1020,0,2,0,2
REFINED PP,31189,BP PIPELINE (NORTH AMERICA) INC.,,,619.8,308.1,620,0,2,0,2
REFINED PP,32109,"ONEOK NGL PIPELINE, LLC",,,551.4,225.13,551,0,2,0,2
REFINED PP,32493,"UNEV PIPELINE, LLC",,,426.5,125.3,427,0,2,0,2
CRUDE OIL,1845,"BUCKEYE PARTNERS, LP",9.6,6.02,2.6,2.56,12,0,1,24,25
CRUDE OIL,10346,KUPARUK TRANSPORTATION CO,,,36.9,36.86,37,0,1,0,1
CRUDE OIL,31167,MOEM PIPELINE LLC,,,55.9,11.3,56,0,1,0,1
CRUDE OIL,32099,ENERGY TRANSFER COMPANY,322.8,137.06,69.8,0,393,6.6,1,3,4
CRUDE OIL,32224,BETA OFFSHORE,,,17.9,6.59,18,6.3,1,0,1
CRUDE OIL,39068,"FIELDWOOD ENERGY, LLC",31.8,31.75,98.5,98.51,130,115.9,1,0,1
CRUDE OIL,39131,PERMIAN EXPRESS TERMINAL LLC,,,27.6,0,28,0,1,0,1
HVL FLAMM TOXIC,12105,"MAGELLAN AMMONIA PIPELINE, L.P.",,,"1,089.30",244.74,1089,0,1,0,1
REFINED PP,32062,IMTT-PIPELINE,,,9.9,9.85,10,0,1,0,1
BIOFUEL,31174,"SHELL PIPELINE CO., L.P.",15,15,,,15,0,0,9,9
CO2,515,DAKOTA GASIFICATION COMPANY,,,167,32.9,167,0,0,0,0
CO2,2731,CHEVRON PIPE LINE CO,,,129,0.5,129,0,0,0,0
CO2,3345,DEVON ENERGY PRODUCTION CO. LP,46.5,2.2,,,47,0,0,0,0
CO2,4908,"EXXONMOBIL PRODUCTION COMPANY, A DIVISION OF EXXON MOBIL CORPORATION",160.5,12,,,161,0,0,0,0
CO2,19102,ENERGEN RESOURCES CORP.,1.5,0,,,2,1.5,0,0,0
CO2,30657,BRAVO PIPELINE COMPANY,169.2,3.38,884.2,214.12,1053,0,0,0,0
CO2,30666,"ENMARK ENERGY, INC",10,2.24,,,10,0,0,0,0
CO2,31178,XTO ENERGY INC,29.2,7.3,,,29,0,0,0,0
CO2,31391,"LINDE GAS NORTH AMERICA, LLC",7.2,7,,,7,0,0,0,0
CO2,31475,TRINITY PIPELINE GP LLC,79.8,0.54,100,0,180,0,0,0,0
CO2,31502,OCCIDENTAL PERMIAN LTD,6,0,,,6,0,0,0,0
CO2,31555,KINDER MORGAN CO2 CO. LP,4,0,"1,306.00",93,1310,0,0,0,0
CO2,31627,"DENBURY ONSHORE, LLC",5.4,0.23,323.6,43.12,329,0,0,0,0
CO2,31672,"CHAPARRAL ENERGY, LLC",29.4,0,,,29,0,0,0,0
CO2,31724,SOUTHERN COMPANY PIPELINES,61.1,34.25,,,61,0,0,0,0
CO2,31864,APACHE CORPORATION,41.1,0,,,41,0,0,0,0
CO2,31897,"THE GEORGE R. BROWN PARTNERSHIP, L.P.",7.7,0,,,8,0,0,0,0
CO2,32410,"GENESIS FREE STATE PIPELINE, LLC",90.6,16.48,,,91,0,0,0,0
CO2,32476,"TREETOP MIDSTREAM SERVICES, LLC",0.3,0,,,0,0,0,0,0
CO2,32543,"DENBURY GREEN PIPELINE-TEXAS, LLC",12.9,12.9,131.2,68.42,144,0,0,0,0
CO2,32545,"DENBURY GULF COAST PIPELINES, LLC",,,378.9,56.78,379,0,0,0,0
CO2,32566,GREENCORE PIPELINE COMPANY LLC,3.4,0,231.5,1.82,235,0,0,0,0
CO2,32652,PETROSANTANDER (USA) INC.,14.2,14.2,,,14,0,0,0,0
CO2,32682,"GREENLEAF CO2 SOLUTIONS, LLC",5.1,0,,,5,0,0,0,0
CO2,38931,TABULA RASA ENERGY LLC,29.5,0,,,30,0,0,0,0
CO2,39179,"AMPLIFY ENERGY OPERATING, LLC",20,0,,,20,0,0,0,0
CO2,39291,FDL OPERATING LLC,155,0,,,155,0,0,0,0
CO2,39490,PETRA NOVA CCS I LLC,0.4,0,,,0,0,0,0,0
CO2,39754,"PERDURE PETROLEUM, LLC",,,242.3,6.6,242,0,0,0,0
CO2,39771,ELK OPERATING SERVICES LLC,,,27.7,0,28,0,0,0,0
CO2,39819,BREITBURN ENERGY CO2,,,176.6,0,177,0,0,0,0
CO2,39892,DAYLIGHT PETROLEUM LLC,118,47.5,,,118,0,0,0,0
CRUDE OIL,473,ANADARKO PETROLEUM CORP,165.5,99.93,,,166,80.8,0,0,0
CRUDE OIL,994,"WILLIAMS FIELD SERVICES - GULF COAST COMPANY, LP",,,23.2,0,23,0,0,0,0
CRUDE OIL,999,"PACIFIC COAST ENERGY COMPANY, LP",1.7,1.7,,,2,1.7,0,0,0
CRUDE OIL,1541,"BP PIPELINES (ALASKA), INC",34.4,34.4,,,34,0,0,0,0
CRUDE OIL,2767,"HARVEST ALASKA, LLC",84.7,56.8,54.8,54.8,140,11.2,0,0,0
CRUDE OIL,4280,EL PASO NATURAL GAS CO,122.2,0,,,122,0,0,0,0
CRUDE OIL,4461,"EOG RESOURCES, INC",52.4,9.5,,,52,0,0,2,2
CRUDE OIL,4908,"EXXONMOBIL PRODUCTION COMPANY, A DIVISION OF EXXON MOBIL CORPORATION",4.8,4.75,10.8,10.83,16,15.6,0,0,0
CRUDE OIL,5524,FOUR STAR OIL & GAS CO,9.1,9.1,,,9,9.1,0,0,0
CRUDE OIL,11551,"DELEK LOGISTICS OPERATING, LLC.",306.4,99.8,95.9,33.56,402,64.8,0,4,4
CRUDE OIL,12624,EXXONMOBIL OIL CORPORATION,6,5.97,,,6,0,0,2,2
CRUDE OIL,12628,MOBIL PIPE LINE COMPANY,47.3,21.25,21.1,21.05,68,0,0,0,0
CRUDE OIL,14145,"ENLINK OHIO RIVER VALLEY PIPELINE, LLC",68.5,0.44,,,69,68.5,0,4,4
CRUDE OIL,14391,"OSAGE PIPE LINE COMPANY, LLC",,,135.7,71.6,136,0,0,0,0
CRUDE OIL,15156,SINCLAIR TRANSPORTATION COMPANY,116,26,436,194,552,18,0,13,13
CRUDE OIL,15485,PHILLIPS 66 COMPANY - SWEENY REFINERY,27.4,11.88,,,27,0,0,0,0
CRUDE OIL,15786,PORTLAND PIPE LINE CORPORATION,,,332,150.6,332,0,0,0,0
CRUDE OIL,15979,"ERGON TERMINALING, INC.",,,38,38,38,0,0,0,0
CRUDE OIL,18275,SHELL CHEMICAL CO,6.3,6.3,,,6,0,0,0,0
CRUDE OIL,19410,THUMS LONG BEACH CO,14.6,14.04,,,15,10.8,0,4,4
CRUDE OIL,20202,ULTRAMAR INC,4.3,4.3,,,4,0,0,0,0
CRUDE OIL,22430,WEST SHORE PIPELINE CO,,,3.6,3.58,4,0,0,0,0
CRUDE OIL,25146,"EQUISTAR CHEMICALS, L.P.",33.9,33.69,,,34,33.9,0,0,0
CRUDE OIL,26112,VALERO REFINING-TEXAS L.P.,5.7,5.68,,,6,0,0,2,2
CRUDE OIL,26134,EXXONMOBIL OIL CORP - WEST COAST,33,1.72,,,33,5.2,0,0,0
CRUDE OIL,26303,UNOCAL PIPELINE CO - EASTERN REGION,4.7,4.7,,,5,0,0,0,0
CRUDE OIL,30658,KERN OIL & REFINING CO.,18.6,16.17,,,19,0,0,0,0
CRUDE OIL,30711,HILCORP ENERGY COMPANY,6.9,1,,,7,2,0,0,0
CRUDE OIL,30782,HARVEST MIDSTREAM COMPANY,672.3,175.38,212.5,77.66,885,35,0,28,28
CRUDE OIL,30792,LAMAR OIL & GAS,10,0,,,10,10,0,0,0
CRUDE OIL,30834,TIDELANDS OIL PRODUCTION COMPANY,2,2.02,,,2,2,0,0,0
CRUDE OIL,30909,TRANSMONTAIGNE OPERATING COMPANY L.P.,1.1,1.1,,,1,0,0,4,4
CRUDE OIL,31023,CITGO REFINING & CHEMICAL CO. L.P.,4.1,4.1,,,4,0,0,0,0
CRUDE OIL,31075,E&B NATURAL RESOURCES MANAGEMENT CORP,4.6,4.61,,,5,4.6,0,0,0
CRUDE OIL,31166,MUSTANG PIPE LINE LLC,,,209.6,180.34,210,0,0,0,0
CRUDE OIL,31178,XTO ENERGY INC,15.9,7.12,,,16,15.9,0,0,0
CRUDE OIL,31256,"AMERICAN MIDSTREAM GAS SOLUTIONS, LP",11.2,0,,,11,11.2,0,0,0
CRUDE OIL,31295,PACIFIC OPERATORS OFFSHORE,5.1,0,1.3,0,6,0,0,0,0
CRUDE OIL,31352,WHITING PETROLEUM CORP,11.5,0,,,12,0,0,8,8
CRUDE OIL,31434,PALMER PETROLEUM INC,7,7,,,7,7,0,0,0
CRUDE OIL,31443,"ALON USA, LP",4,0,,,4,0,0,0,0
CRUDE OIL,31455,"CALUMET MONTANA REFINING, LLC",2.6,2.6,,,3,0,0,2,2
CRUDE OIL,31523,ANDERSON OIL LTD,0.3,0.3,,,0,0.3,0,0,0
CRUDE OIL,31536,"GOLDEN VALLEY ELECTRIC ASSOCIATION, INC",5.1,5.05,,,5,0,0,0,0
CRUDE OIL,31546,CENTRAL LOUISIANA ENERGY PIPELINE CO (CLEPCO),40.3,40.3,,,40,36.7,0,0,0
CRUDE OIL,31552,ALPINE TRANSPORTATION CO.,,,34.6,34.63,35,0,0,0,0
CRUDE OIL,31563,"WHITECAP PIPE LINE COMPANY, L.L.C.",,,43.2,0,43,0,0,0,0
CRUDE OIL,31618,ENTERPRISE PRODUCTS OPERATING LLC,14.1,14.13,,,14,0,0,12,12
CRUDE OIL,31663,NAVAJO NATION OIL AND GAS COMPANY,,,87.5,47.23,88,0,0,0,0
CRUDE OIL,31755,"NOBLE MIDSTREAM SERVICES, LLC",263.4,64.58,,,263,33.9,0,11,11
CRUDE OIL,31801,TANDEM ENERGY CORPORATION,4.3,0,,,4,1.9,0,0,0
CRUDE OIL,31824,"CALUMET LUBRICANTS CO., L.P.",34,19,,,34,0,0,2,2
CRUDE OIL,31863,HFOTCO LLC,20.6,20.6,,,21,0,0,10,10
CRUDE OIL,31937,"TPCO, LLC",10.4,0,,,10,0,0,0,0
CRUDE OIL,31947,ENBRIDGE PIPELINES (OZARK) L.L.C.,52.1,18.99,,,52,0,0,0,0
CRUDE OIL,31994,"PANTHER OPERATING COMPANY, LLC",,,515.3,49.25,515,0,0,0,0
CRUDE OIL,32052,"WHITE MARLIN OPERATING COMPANY, LLC",6.5,6.52,,,7,0,0,0,0
CRUDE OIL,32080,"CCPS TRANSPORTATION, LLC",,,"1,178.70",620.32,1179,0,0,0,0
CRUDE OIL,32083,"DCOR, LLC",26.6,26.59,27.4,27.42,54,54,0,0,0
CRUDE OIL,32091,"WILLIAMS OIL GATHERING, LLC",,,377.9,12.05,378,0,0,0,0
CRUDE OIL,32096,WYNNEWOOD REFINERY COMPANY,2.1,2.06,,,2,0,0,0,0
CRUDE OIL,32103,CRIMSON PIPELINE L.P.,"1,030.00",628,,,1030,674,0,14,14
CRUDE OIL,32179,EXXONMOBIL BILLINGS REFINERY,,,,,,,0,1,1
CRUDE OIL,32213,DIAMOND SHAMROCK REFINING CO. LP,,,,,,,0,1,1
CRUDE OIL,32223,VALERO REFINING COMPANY - CALIFORNIA,5.4,5.39,,,5,0,0,9,9
CRUDE OIL,32233,"BESCO OPERATING, L.P.",6.3,6.28,,,6,5.9,0,0,0
CRUDE OIL,32251,"RIBOST TERMINAL LLC, DBA WORLD OIL TERMINALS",0.2,0.22,,,0,0.2,0,0,0
CRUDE OIL,32283,"FRONT RANGE PIPELINE, LLC.",428.1,91.57,,,428,0,0,8,8
CRUDE OIL,32288,"WHITE CLIFFS PIPELINE, LLC",,,"1,054.50",184.42,1055,0,0,0,0
CRUDE OIL,32296,TARGA RESOURCES OPERATING LLC,208.5,36.5,,,209,56.5,0,10,10
CRUDE OIL,32331,"PASADENA REFINING SYSTEM, INC.",2.4,2.44,,,2,2.4,0,1,1
CRUDE OIL,32346,"TOTAL PETROCHEMICALS PIPELINE USA , INC.",13.6,13.6,,,14,13.6,0,0,0
CRUDE OIL,32364,"VALERO REFINING-NEW ORLEANS, L.L.C.",1.4,1.35,,,1,0,0,0,0
CRUDE OIL,32365,GULFPORT ENERGY CORPORATION,1.8,0.75,,,2,1.8,0,0,0
CRUDE OIL,32407,"GENESIS PIPELINE TEXAS, L.P.",93.6,73.55,,,94,0,0,5,5
CRUDE OIL,32411,"GENESIS PIPELINE ALABAMA, LLC",31.3,13.96,,,31,0,0,0,0
CRUDE OIL,32414,"MARKWEST OKLAHOMA GAS COMPANY, L.L.C.",15.8,12.94,,,16,0.1,0,0,0
CRUDE OIL,32447,"HAWTHORN OIL TRANSPORTATION (NORTH DAKOTA), INC.",4.1,0.73,,,4,0,0,0,0
CRUDE OIL,32450,"ROADRUNNER PIPELINE, L.L.C.",,,69.3,1.67,69,0,0,0,0
CRUDE OIL,32483,"BRIDGER LAKE, LLC",25.3,3,,,25,0,0,1,1
CRUDE OIL,32488,"ENI US OPERATING CO, INC",17.4,17.4,,,17,0,0,0,0
CRUDE OIL,32492,"GENESIS CRUDE OIL, L.P.",2.2,1.51,,,2,0,0,2,2
CRUDE OIL,32503,"CALUMET SHREVEPORT FUELS, LLC",6.4,6.35,,,6,0,0,3,3
CRUDE OIL,32537,WYOMING PIPELINE COMPANY,132.4,1.5,,,132,21,0,4,4
CRUDE OIL,32540,ELECTRAGAS INC.,3.3,3.33,,,3,3.3,0,0,0
CRUDE OIL,32551,"BKEP PIPELINE, LLC",584.7,272,16.3,0,601,0,0,151,151
CRUDE OIL,32572,"TOLEDO REFINING COMPANY, LLC",,,,,,,0,2,2
CRUDE OIL,32575,"DEEPROCK OIL OPERATING, LLC",13.3,2.25,,,13,0,0,16,16
CRUDE OIL,32595,"HIGH POINT GAS GATHERING, LLC",6.1,0,,,6,6.1,0,0,0
CRUDE OIL,32614,"WILLIAMS OLEFINS FEEDSTOCK PIPELINES, LLC",0.2,0.15,,,0,0,0,0,0
CRUDE OIL,32619,"HILAND CRUDE, LLC",258.1,91.96,,,258,50.1,0,4,4
CRUDE OIL,32643,"LT PIPELINE, INC.",5.3,5.3,,,5,0,0,0,0
CRUDE OIL,32678,KINDER MORGAN CRUDE AND CONDENSATE LLC,265.4,158.5,,,265,0,0,21,21
CRUDE OIL,32688,WEST COAST TERMINAL PIPELINE (WCTP),0.9,0.9,,,1,0,0,3,3
CRUDE OIL,38893,PTE PIPELINE LLC,,,22.3,22.25,22,0,0,0,0
CRUDE OIL,38894,"THUNDER BASIN PIPELINE, LLC",44.6,7.07,,,45,0,0,0,0
CRUDE OIL,38899,"BREITBURN MANAGEMENT COMPANY, LLC",0.4,0.44,,,0,0,0,0,0
CRUDE OIL,38919,LEGACY RESERVES OPERATING LP,11.4,0,,,11,0,0,0,0
CRUDE OIL,38924,NGL CRUDE TERMINALS,61.5,5.1,,,62,0,0,31,31
CRUDE OIL,38930,"PATOKA TERMINAL COMPANY, LLC",0.5,0.45,,,1,0.5,0,0,0
CRUDE OIL,38945,BAKKEN PIPELINE COMPANY LP,,,75.2,6.9,75,0,0,0,0
CRUDE OIL,38949,"NAVARRO MIDSTREAM SERVICES, LLC.",3.4,0,,,3,0,0,0,0
CRUDE OIL,38968,OASIS PETROLEUM NORTH AMERICA,20.8,2.25,,,21,1.8,0,0,0
CRUDE OIL,38989,EMERALD GATHERING AND TRANSMISSION,10.4,0,,,10,0,0,0,0
CRUDE OIL,39012,"SUMMIT MIDSTREAM PARTNERS, LLC",72,4.8,,,72,0.6,0,5,5
CRUDE OIL,39023,DOUBLE EAGLE PIPELINE LLC,204,65.86,,,204,0,0,6,6
CRUDE OIL,39038,E&T LLC,0.4,0,,,0,0,0,0,0
CRUDE OIL,39046,"BRIDGER SWAN RANCH, LLC",4.5,4.46,,,5,4.5,0,2,2
CRUDE OIL,39047,"GEL OFFSHORE PIPELINE, LLC",,,70.4,0,70,0,0,0,0
CRUDE OIL,39050,"CASPER CRUDE TO RAIL, LLC",,,6.2,5.7,6,0,0,0,0
CRUDE OIL,39055,AMID SILVER DOLLAR PIPELINE LLC,173.7,0,,,174,0,0,0,0
CRUDE OIL,39065,HESS ND,104.2,6.21,,,104,4.1,0,3,3
CRUDE OIL,39069,"EMPIRE PIPELINE, LLC",10.7,0,72.7,0,83,39.9,0,0,0
CRUDE OIL,39090,"NUTAAQ PIPELINE, LLC",25.1,25.05,,,25,0,0,0,0
CRUDE OIL,39098,"TEXSTAR MIDSTREAM LOGISTICS, LP",49.9,21.47,,,50,0,0,0,0
CRUDE OIL,39099,CALIBER NORTH DAKOTA LLC,22.9,17.34,,,23,1.6,0,2,2
CRUDE OIL,39106,BOE MIDSTREAM,38.7,30.6,,,39,0,0,1,1
CRUDE OIL,39124,EQUINOR PIPELINES LLC,124.7,49.35,,,125,124.7,0,15,15
CRUDE OIL,39135,"VICTORIA EXPRESS PIPELINE, L.L.C.",56.9,14,,,57,0,0,2,2
CRUDE OIL,39147,"ENABLE GAS GATHERING, LLC",126.2,23.74,,,126,126.2,0,5,5
CRUDE OIL,39153,"ENLINK MIDSTREAM OPERATING, LP",36,1.19,,,36,0,0,4,4
CRUDE OIL,39183,"MEDALLION OPERATING COMPANY, LLC",572.2,113.28,,,572,58.6,0,16,16
CRUDE OIL,39189,"NORTHSTAR OFFSHORE VENTURES, LLC",,,9.7,0,10,0,0,0,0
CRUDE OIL,39196,CHEYENNE RAIL HUB,1.8,1.8,,,2,1.8,0,1,1
CRUDE OIL,39214,ENVEN ENERGY VENTURES LLC.,,,27.5,0,28,23.2,0,0,0
CRUDE OIL,39221,DAKOTA MIDSTREAM,20.7,0,,,21,0,0,10,10
CRUDE OIL,39227,CALIFORNIA RESOURCES VENTURA BASIN,3.1,2.18,,,3,3.1,0,0,0
CRUDE OIL,39228,ANDEAVOR FIELD SERVICES LLC,10.4,3.4,,,10,6.8,0,8,8
CRUDE OIL,39229,CAMINO REAL GATHERING CO LLC,46.7,2.63,,,47,2.7,0,4,4
CRUDE OIL,39241,ZENITH ENERGY TERMINALS JOLIET HOLDINGS LLC,,,4.5,4.11,5,0,0,0,0
CRUDE OIL,39272,"PARADIGM MIDSTREAM SERVICES - ND, LLC",23.9,0,,,24,0,0,0,0
CRUDE OIL,39277,"AMERICAN MIDSTREAM BAKKEN, LLC",44.6,14.42,,,45,44.6,0,0,0
CRUDE OIL,39284,ORYX SO. DELAWARE OGT LLC,269.4,18.9,,,269,8.3,0,8,8
CRUDE OIL,39292,"TWIN EAGLE MIDSTREAM ASSETS, LLC",,,4.5,3.77,5,0,0,0,0
CRUDE OIL,39302,"REPUBLIC MIDSTREAM, LLC",26.2,0,,,26,0,0,0,0
CRUDE OIL,39303,"BASA RESOURCES, INC.",16,16.02,,,16,16,0,0,0
CRUDE OIL,39305,ENLINK CRUDE PURCHASING LLC,9.2,0,,,9,9.2,0,0,0
CRUDE OIL,39307,SUNOCO MIDLAND GATHERING LLC,82.8,5.09,,,83,0,0,6,6
,39316,"RENAISSANCE OFFSHORE, LLC",,,30.1,30.09,30,30.1,0,0,0
CRUDE OIL,39325,"TALOS ENERGY, LLC",,,0.8,0,1,0,0,0,0
CRUDE OIL,39339,TINSLEY RESOURCES LLC,37.4,27.58,,,37,0,0,0,0
CRUDE OIL,39342,MOTIVA DISTRIBUTION,8.2,8.2,,,8,0,0,8,8
CRUDE OIL,39347,"ILLINOIS EXTENSION PIPELINE COMPANY, L.L.C.",,,168.2,82.7,168,0,0,0,0
CRUDE OIL,39348,"NUSTAR PERMIAN TRANSPORTATION AND STORAGE, LLC",340.2,34.2,,,340,9.6,0,10,10
CRUDE OIL,39349,"USG WHEATLAND PIPELINE, LLC",21.1,0,,,21,0,0,10,10
CRUDE OIL,39352,"GENESIS OFFSHORE HOLDINGS, LLC",,,"1,080.10",94.87,1080,0,0,0,0
CRUDE OIL,39354,ENBRIDGE OFFSHORE FACILITIES,,,114.3,0,114,0,0,0,0
CRUDE OIL,39360,"FAIRWAY ENERGY PARTNERS, LLC",38.1,38.08,,,38,0,0,1,1
CRUDE OIL,39368,CRESTWOOD MIDSTREAM PARTNERS LP,145.3,81.93,,,145,56.7,0,7,7
CRUDE OIL,39370,"NORTHWEST GAS PROCESSING, LLC",11.2,0,,,11,0,0,0,0
CRUDE OIL,39377,"WHITNEY OIL & GAS, LLC",9.2,0,,,9,0,0,0,0
CRUDE OIL,39401,GREAT SALT PLAINS PIPELINE LLC,160.4,105.95,,,160,0,0,1,1
CRUDE OIL,39409,"CHALMETTE REFINING, L.L.C.",2.1,2.1,,,2,0,0,0,0
CRUDE OIL,39410,RELIANCE GATHERING LLC,131.6,6.25,,,132,0,0,0,0
CRUDE OIL,39414,NST EXPRESS LLC,23,19.8,,,23,23,0,0,0
CRUDE OIL,39421,"NASCO PETROLEUM, LLC",2.8,2.78,,,3,0,0,0,0
CRUDE OIL,39424,"MAGNUM OPERATING, LLC",8,0,,,8,8,0,0,0
CRUDE OIL,39433,"MAGELLAN OPERATING COMPANY, LLC",25,25,,,25,0,0,0,0
CRUDE OIL,39434,"FOOTHILLS TEXAS, INC.",1.8,0,,,2,1.8,0,0,0
CRUDE OIL,39462,"BAYOU BRIDGE PIPELINE, LLC",,,49.2,34.45,49,0,0,0,0
CRUDE OIL,39474,MODA INGLESIDE LLC,31.6,11.83,,,32,0,0,2,2
CRUDE OIL,39495,"ENLINK CRUDE PIPELINE, LLC",52.6,0.69,,,53,0,0,0,0
CRUDE OIL,39497,MATRIX OIL CORP,1.3,0,,,1,1.3,0,0,0
CRUDE OIL,39498,COX OPERATING LLC,,,10.5,3.14,11,0,0,0,0
CRUDE OIL,39532,TORRANCE BASIN PIPELINE COMPANY LLC,13.9,13.89,,,14,1.4,0,0,0
CRUDE OIL,39533,TORRANCE LOGISTICS COMPANY LLC,0.8,0.84,,,1,0,0,6,6
CRUDE OIL,39534,TORRANCE VALLEY PIPELINE COMPANY LLC,181.5,144.5,,,182,0,0,12,12
CRUDE OIL,39535,TORRANCE PIPELINE COMPANY LLC,10.7,10.7,,,11,0,0,0,0
CRUDE OIL,39540,"ARB MIDSTREAM, LLC",39.6,8.5,,,40,25,0,1,1
CRUDE OIL,39551,"STAKEHOLDER MIDSTREAM CRUDE OIL PIPELINE, LLC",23.6,0,,,24,23.6,0,2,2
CRUDE OIL,39565,TORRENT OIL LLC,20,0,,,20,0,0,0,0
CRUDE OIL,39581,CALIBER BEAR DEN INTERCONNECT LLC,5.7,0.53,,,6,0,0,0,0
CRUDE OIL,39587,"SAVAGE BAKKEN CONNECTOR, INC",,,2.3,0,2,2.3,0,0,0
CRUDE OIL,39589,"STATELINE CRUDE, LLC",15.6,0,7.5,1.73,23,20.7,0,2,2
CRUDE OIL,39593,QEP ENERGY COMPANY,2.8,0,,,3,0,0,3,3
CRUDE OIL,39606,CAPROCK PERMIAN CRUDE LLC,29.5,0,,,30,9.5,0,1,1
CRUDE OIL,39607,"TWIN EAGLE GARDENDALE PIPELINE, LLC",2.2,0,,,2,0,0,0,0
CRUDE OIL,39610,"CPE GATHERING MIDCON, LLC",16.8,0,,,17,0,0,1,1
CRUDE OIL,39618,TORRANCE REFINING COMPANY LLC,,,,,,,0,2,2
CRUDE OIL,39636,"CARBON CALIFORNIA OPERATING COMPANY, LLC",3.7,3.7,,,4,3.7,0,0,0
CRUDE OIL,39648,VALERO HOUSTON REFINERY,1.4,1.4,,,1,0,0,0,0
CRUDE OIL,39649,"IRONWOOD MIDSTREAM ENERGY PARTNERS, LLC",19.9,2.25,,,20,0,0,0,0
CRUDE OIL,39666,FORMULA MIDSTREAM PARTNERS LLC,23.1,0.14,,,23,0,0,0,0
CRUDE OIL,39670,"SEAHAWK PIPELINE, LLC",20.9,1.7,,,21,0,0,0,0
CRUDE OIL,39675,"SCT PIPELINE, LLC",17.5,8.75,,,18,0,0,0,0
CRUDE OIL,39684,ROCKY MOUNTAIN MIDSTREAM PIPELINE LLC,17.6,3.58,,,18,0,0,0,0
CRUDE OIL,39694,"BRIDGE ENERGY, LLC",3.5,3.5,,,4,3.5,0,0,0
CRUDE OIL,39698,S2 ENERGY OPERATING LLC,0.2,0,,,0,0,0,0,0
CRUDE OIL,39708,"SYDRI OPERATING, INC.",1.3,1.27,,,1,1.3,0,0,0
CRUDE OIL,39713,CANTIUM. LLC,,,14.7,0,15,0,0,0,0
CRUDE OIL,39763,"FELIX MIDSTREAM, LLC.",36.2,0,,,36,0,0,10,10
CRUDE OIL,39774,"GLASS MOUNTAIN PIPELINE, LLC",260,79.35,,,260,0,0,6,6
CRUDE OIL,39806,"EVX MIDSTREAM PARTNERS, LLC",13.9,0,,,14,0,0,0,0
CRUDE OIL,39810,DIAMONDBACK E&P LLC,52.3,0,,,52,0,0,1,1
CRUDE OIL,39817,TN AVENUE LLC,2.5,2.5,,,3,2.5,0,0,0
CRUDE OIL,39833,"SAN MATEO BLACK RIVER OIL PIPELINE, LLC",15.8,0,,,16,15.8,0,0,0
CRUDE OIL,39837,PARAMOUNT PIPELINE LLC,43.6,43.63,,,44,0,0,0,0
CRUDE OIL,39874,"BEACON WEST ENERGY GROUP, LLC",3,3,15.4,15.35,18,3.6,0,0,0
CRUDE OIL,39879,"DWYER TERMINAL, LLC",,,,,,,0,1,1
CRUDE OIL,39882,"GETKA ENERGY, LLC",0.9,0,,,1,0,0,0,0
CRUDE OIL,39950,"3 BEAR DELAWARE OPERATING-NM, LLC",1.8,0,,,2,0,0,0,0
CRUDE OIL,40051,VALERO REFINING - MERAUX LLC,1.5,1.52,,,2,0,0,0,0
HVL FLAMM TOXIC,300,"PLAINS PIPELINE, L.P.",52.2,0.26,72.6,28.79,125,0,0,2,2
HVL FLAMM TOXIC,473,ANADARKO PETROLEUM CORP,58.1,5.2,,,58,12.1,0,0,0
HVL FLAMM TOXIC,994,"WILLIAMS FIELD SERVICES - GULF COAST COMPANY, LP",29.2,20.73,,,29,0,0,0,0
HVL FLAMM TOXIC,2162,DOW PIPELINE CO - CAYUSE,,,248.8,64.14,249,0,0,0,0
HVL FLAMM TOXIC,2714,"DOMINION ENERGY TRANSMISSION, INC.",7.6,7.61,71,70.98,79,0,0,0,0
HVL FLAMM TOXIC,2731,CHEVRON PIPE LINE CO,"1,083.00",417.9,,,1083,0,0,0,0
HVL FLAMM TOXIC,3445,DIXIE PIPELINE COMPANY LLC,,,"1,306.10",656.22,1306,0,0,0,0
HVL FLAMM TOXIC,3527,DOW PIPELINE CO,480.3,283.96,,,480,0,0,0,0
HVL FLAMM TOXIC,3535,DOW PIPELINE CO,197.4,39.51,,,197,0,0,0,0
HVL FLAMM TOXIC,4430,VALERO TERMINALING AND DISTRIBUTION COMPANY,40.8,24.61,52.1,0,93,0,0,4,4
HVL FLAMM TOXIC,4472,CYPRESS INTERSTATE PIPELINE LLC,,,104.3,76.53,104,0,0,0,0
HVL FLAMM TOXIC,4906,EXXONMOBIL PIPELINE CO,"1,620.50","1,065.59",,,1621,0,0,0,0
HVL FLAMM TOXIC,11032,SPIRE MISSOURI INC. EAST,,,40,40.04,40,0,0,0,0
HVL FLAMM TOXIC,11272,LAVACA PIPELINE CO,54.9,4.07,,,55,0,0,0,0
HVL FLAMM TOXIC,12624,EXXONMOBIL OIL CORPORATION,203.7,97.29,,,204,0,0,0,0
HVL FLAMM TOXIC,12628,MOBIL PIPE LINE COMPANY,135.4,114.5,,,135,0,0,0,0
HVL FLAMM TOXIC,12634,EXXONMOBIL OIL CORPORATION,179.2,94.05,,,179,0,0,0,0
HVL FLAMM TOXIC,15485,PHILLIPS 66 COMPANY - SWEENY REFINERY,14.7,1.26,,,15,0,0,0,0
HVL FLAMM TOXIC,19319,"TPC GROUP, LLC",121.9,120.34,,,122,0,0,0,0
HVL FLAMM TOXIC,19892,UCAR PIPELINE INCORPORATED,69.9,16.95,,,70,0,0,0,0
HVL FLAMM TOXIC,20046,UNION CARBIDE CHEMICALS & PLASTICS CO INC,7.1,4.51,,,7,7.1,0,0,0
HVL FLAMM TOXIC,20202,ULTRAMAR INC,7.6,7.62,,,8,0,0,0,0
HVL FLAMM TOXIC,22855,"FLINT HILLS RESOURCES, LC",535,376.1,170.4,31.61,705,0,0,0,0
HVL FLAMM TOXIC,25146,"EQUISTAR CHEMICALS, L.P.","1,292.30",773.67,35,19.07,1327,0,0,0,0
HVL FLAMM TOXIC,26026,"MARKWEST RANGER PIPELINE COMPANY, L.L.C.",,,139.8,64.68,140,0,0,0,0
HVL FLAMM TOXIC,26041,"KINDER MORGAN LIQUID TERMINALS, LLC",0.7,0.72,,,1,0,0,0,0
HVL FLAMM TOXIC,26065,CHS MCPHERSON REFINERY INC.,13,6.92,,,13,0,0,0,0
HVL FLAMM TOXIC,26086,SEADRIFT PIPELINE CORP,"1,024.50",222.72,,,1025,0,0,0,0
HVL FLAMM TOXIC,26099,TAMPA BAY PIPELINE CO.,89.1,82.24,,,89,0,0,0,0
HVL FLAMM TOXIC,26103,"TEXAS EASTMAN DIVISION, EASTMAN CHEMICAL CO",470.5,116.26,,,471,0,0,0,0
HVL FLAMM TOXIC,26112,VALERO REFINING-TEXAS L.P.,13.5,13.52,,,14,0,0,0,0
HVL FLAMM TOXIC,26302,MUSTANG PIPELINE CO,89.3,24.7,,,89,0,0,0,0
HVL FLAMM TOXIC,26330,"ENABLE OKLAHOMA INTRASTATE TRANSMISSION, LLC",11.6,0.08,,,12,0,0,0,0
HVL FLAMM TOXIC,30544,OCCIDENTAL CHEMICAL CORP,41.9,2.94,,,42,0,0,0,0
HVL FLAMM TOXIC,30626,TARGA NGL PIPE LINE CO,195.4,176,106.4,57.77,302,0,0,0,0
HVL FLAMM TOXIC,30683,WESTLAKE PETROCHEMICALS LLC,17.5,14.57,,,18,0,0,0,0
HVL FLAMM TOXIC,30709,HUNTSMAN PETROCHEMICAL LLC,1.1,1.13,,,1,0,0,0,0
HVL FLAMM TOXIC,30755,CITGO PRODUCTS PIPELINE CO,,,110,54.09,110,0,0,0,0
HVL FLAMM TOXIC,30777,MOTIVA ENTERPRISE LLC,35.3,35.32,,,35,35.2,0,0,0
HVL FLAMM TOXIC,30825,CITGO PETROLEUM CORPORATION (REFINERY),6.2,6.24,,,6,0,0,0,0
HVL FLAMM TOXIC,30826,WILLIAMS FIELD SERVICES,63.6,18.76,"1,091.20",353.03,1155,0,0,4,4
HVL FLAMM TOXIC,30940,"WILLIAMS ENERGY, LLC",23.2,10.26,,,23,0,0,0,0
HVL FLAMM TOXIC,30959,THE DOW CHEMICAL COMPANY,86.1,74.57,,,86,0,0,0,0
HVL FLAMM TOXIC,31023,CITGO REFINING & CHEMICAL CO. L.P.,5.7,5.7,,,6,0,0,0,0
HVL FLAMM TOXIC,31059,BASF CORPORATION,10,10.23,,,10,0,0,2,2
HVL FLAMM TOXIC,31130,DCP MIDSTREAM,"1,815.40",226.28,"1,742.40",598.2,3558,0,0,0,0
HVL FLAMM TOXIC,31174,"SHELL PIPELINE CO., L.P.",198.7,169.5,445.7,258.3,644,0,0,0,0
HVL FLAMM TOXIC,31178,XTO ENERGY INC,15.7,0,,,16,0,0,0,0
HVL FLAMM TOXIC,31189,BP PIPELINE (NORTH AMERICA) INC.,4.9,1.5,1.7,1.7,7,0,0,0,0
HVL FLAMM TOXIC,31199,ALLIANCE PIPELINE L.P.,0.3,0,,,0,0,0,0,0
HVL FLAMM TOXIC,31202,"ENABLE MIDSTREAM PARTNERS, LP",57.9,4.94,,,58,0,0,0,0
HVL FLAMM TOXIC,31228,"CALIFORNIA RESOURCES ELK HILLS, LLC",22,22,,,22,0,0,0,0
HVL FLAMM TOXIC,31256,"AMERICAN MIDSTREAM GAS SOLUTIONS, LP",36.4,18.58,,,36,0,0,0,0
HVL FLAMM TOXIC,31285,HOUSTON AMMONIA TERMINAL,6.2,3.54,,,6,0,0,0,0
HVL FLAMM TOXIC,31341,OLIKTOK PIPELINE COMPANY,28.1,28.07,,,28,0,0,0,0
HVL FLAMM TOXIC,31371,"BUCKEYE DEVELOPMENT & LOGISTICS, LLC",591.4,405.72,118.4,79.44,710,0,0,0,0
HVL FLAMM TOXIC,31425,MIDCOAST PIPELINES (TEXAS GATHERING) L.P.,87.2,7.18,,,87,0,0,0,0
HVL FLAMM TOXIC,31454,"NUSTAR LOGISTICS, L.P.",215.4,64.5,,,215,0,0,0,0
HVL FLAMM TOXIC,31506,CONOCOPHILLIPS COMPANY (E&P-L-48),18.7,0.74,,,19,17.7,0,0,0
HVL FLAMM TOXIC,31517,ASCEND PERFORMANCE MATERIALS TEXAS INC,123.1,64.88,,,123,0,0,0,0
HVL FLAMM TOXIC,31554,"BOARDWALK PETROCHEMICAL PIPELINE, LLC",,,177.6,69.5,178,0,0,0,0
HVL FLAMM TOXIC,31574,"WESTERN REFINING LOGISTICS, LP",126.4,25.3,,,126,0,0,0,0
HVL FLAMM TOXIC,31613,"MIDCOAST PIPELINES (EAST TEXAS), L.P.",176.2,32.57,,,176,0,0,0,0
HVL FLAMM TOXIC,31636,NORTHERN STATES POWER CO OF MINNESOTA,8,8,,,8,0,0,2,2
HVL FLAMM TOXIC,31687,"HILL-LAKE GAS STORAGE, LLC",2,0,,,2,0,0,0,0
HVL FLAMM TOXIC,31703,"WILLIAMS MLP OPERATING, LLC",5.5,0,,,6,5.5,0,0,0
HVL FLAMM TOXIC,31707,CHEVRON U.S.A. INC - PERMIAN BASIN,0.3,0,,,0,0.3,0,0,0
HVL FLAMM TOXIC,31719,HILAND PARTNERS HOLDINGS LLC,21.8,10.32,,,22,0,0,0,0
HVL FLAMM TOXIC,31721,PIPELINE TECHNOLOGY,6.3,6.3,,,6,0,0,0,0
HVL FLAMM TOXIC,31755,"NOBLE MIDSTREAM SERVICES, LLC",5.1,0,,,5,0,0,0,0
HVL FLAMM TOXIC,31816,"MID-CONTINENT FRACTIONATION AND STORAGE, L.L.C.",59.1,0.4,,,59,0,0,0,0
HVL FLAMM TOXIC,31887,DUKE ENERGY KENTUCKY - LIQUID,3.4,3.41,,,3,0,0,0,0
HVL FLAMM TOXIC,31888,CENTURION PIPELINE L.P.,12.5,0,,,13,12.5,0,0,0
HVL FLAMM TOXIC,31914,NGL SUPPLY TERMINAL COMPANY LLC,5.5,0.2,,,6,5.4,0,0,0
HVL FLAMM TOXIC,31919,MIDSTREAM ENERGY PARTNERS (USA) LLC,47.5,47.5,,,48,0,0,0,0
HVL FLAMM TOXIC,31943,MIDCOAST GATHERING (NORTH TEXAS) L.P.,16.4,0,,,16,0,0,0,0
HVL FLAMM TOXIC,31982,"KOCH FERTILIZER, LLC.",0.2,0.19,,,0,0,0,1,1
HVL FLAMM TOXIC,32005,"ENLINK PROCESSING SERVICES, LLC",421.6,109.05,311.3,112.32,733,0,0,0,0
HVL FLAMM TOXIC,32007,SUPERIOR PIPELINE COMPANY L.L.C.,36.1,1.24,,,36,0,0,0,0
HVL FLAMM TOXIC,32051,"MARTIN OPERATING PARTNERSHIP, L.P.",197.9,10,,,198,0,0,0,0
HVL FLAMM TOXIC,32073,LUCID ARTESIA COMPANY,7.2,0,,,7,7.2,0,0,0
HVL FLAMM TOXIC,32094,AUX SABLE LIQUID PRODUCTS,32.3,32.28,,,32,0,0,0,0
HVL FLAMM TOXIC,32095,"LBC HOUSTON, L.P.",1.8,1.77,,,2,0,0,0,0
HVL FLAMM TOXIC,32099,ENERGY TRANSFER COMPANY,"1,456.70",490.02,"1,447.90",668.03,2905,0,0,9,9
HVL FLAMM TOXIC,32114,COPANO NGL SERVICES LLC,183.2,69.54,,,183,0,0,0,0
HVL FLAMM TOXIC,32129,OKLAHOMA GAS PROCESSING,11,0,,,11,0,0,0,0
HVL FLAMM TOXIC,32147,MARATHON PIPE LINE LLC,129.5,126.6,62.1,44.2,192,0,0,5,5
HVL FLAMM TOXIC,32215,NOVA CHEMICALS CORPORATION,11.2,11.15,,,11,0,0,0,0
HVL FLAMM TOXIC,32248,"FRONTIER FIELD SERVICES, LLC",0.3,0,,,0,0,0,0,0
HVL FLAMM TOXIC,32277,OXEA CORPORATION,51,17,,,51,0,0,0,0
HVL FLAMM TOXIC,32285,"WORSHAM-STEED GAS STORAGE, LLC",7,0,,,7,0,0,0,0
HVL FLAMM TOXIC,32296,TARGA RESOURCES OPERATING LLC,458,141.88,23.1,4.69,481,0,0,12,12
HVL FLAMM TOXIC,32297,"LUMEN MIDSTREAM PARTNERSHIP, LLC",13.9,0,,,14,0,0,0,0
HVL FLAMM TOXIC,32327,TEXAS PIPELINE LLC,54.7,0,,,55,0,0,0,0
HVL FLAMM TOXIC,32331,"PASADENA REFINING SYSTEM, INC.",5.2,5.23,,,5,5.2,0,0,0
HVL FLAMM TOXIC,32346,"TOTAL PETROCHEMICALS PIPELINE USA , INC.",11,11,,,11,0,0,0,0
HVL FLAMM TOXIC,32364,"VALERO REFINING-NEW ORLEANS, L.L.C.",1.6,1.56,,,2,0,0,0,0
HVL FLAMM TOXIC,32412,"MARKWEST LIBERTY MIDSTREAM & RESOURCES, L.L.C.",7.2,0.15,,,7,0,0,0,0
HVL FLAMM TOXIC,32428,"INTERCONTINENTAL TERMINAL COMPANY, LLC",3,3,,,3,0,0,9,9
HVL FLAMM TOXIC,32445,SOUTHCROSS NGL PIPELINE LTD.,116.8,34.7,,,117,0,0,0,0
HVL FLAMM TOXIC,32454,"DRY TRAILS MIDSTREAM ENERGY, LLC",,,45.6,4.61,46,0,0,0,0
HVL FLAMM TOXIC,32526,COWTOWN PIPELINE PARTNERS L.P.,27,4.38,,,27,27,0,0,0
HVL FLAMM TOXIC,32541,"COPANO NGL SERVICES (MARKHAM), LLC",153.1,60.76,,,153,0,0,0,0
HVL FLAMM TOXIC,32559,"ALON USA KROTZ SPRINGS REFINERY, INC",13.3,0.6,,,13,0,0,0,0
HVL FLAMM TOXIC,32576,SABINE INDIAN CREEK PIPELINES,16.8,0,,,17,0,0,0,0
HVL FLAMM TOXIC,32597,"ENLINK PERMIAN II, LLC",16.9,0,,,17,0,0,0,0
HVL FLAMM TOXIC,32599,"MCLEAN GAS PROCESSING, LLC",21,0,,,21,0,0,0,0
HVL FLAMM TOXIC,32606,"BOARDWALK FIELD SERVICES, LLC",2.4,0,,,2,0,0,0,0
HVL FLAMM TOXIC,32614,"WILLIAMS OLEFINS FEEDSTOCK PIPELINES, LLC",300.3,38.1,172.3,53.54,473,0,0,0,0
HVL FLAMM TOXIC,32634,"ENLINK PERMIAN, LLC",10.2,0,,,10,0,0,0,0
HVL FLAMM TOXIC,32650,LEMM CORPORATION - OPERATIONS,9.1,9.1,,,9,0,0,0,0
HVL FLAMM TOXIC,38922,MIPC LLC,0.3,0.28,,,0,0,0,0,0
HVL FLAMM TOXIC,38926,BLACK BEAR MIDSTREAM LLC,40.1,1.21,,,40,0,0,0,0
HVL FLAMM TOXIC,38933,"TESORO LOGISTICS OPERATIONS, LLC",45.6,9.9,,,46,0,0,0,0
HVL FLAMM TOXIC,38937,"MIDCOAST ENERGY, LLC",116.8,5.58,,,117,0,0,0,0
HVL FLAMM TOXIC,38938,"WTG NGL PIPELINE COMPANY, LLC",42.2,0.06,,,42,0,0,0,0
HVL FLAMM TOXIC,38960,"RANCHO LPG HOLDINGS, LLC",,,,,,,0,4,4
HVL FLAMM TOXIC,38964,"PHILADELPHIA ENERGY SOLUTIONS REFINING AND MARKETING, LLC",1.9,1.89,,,2,0,0,2,2
HVL FLAMM TOXIC,39010,"BLUE RACER MIDSTREAM, LLC",89.8,22.82,,,90,16.8,0,0,0
HVL FLAMM TOXIC,39012,"SUMMIT MIDSTREAM PARTNERS, LLC",10.9,0,,,11,0,0,0,0
HVL FLAMM TOXIC,39065,HESS ND,35.5,2.55,,,36,0,0,3,3
HVL FLAMM TOXIC,39075,"ENLINK TEXAS NGL PIPELINE, LLC",53.1,16.75,,,53,0,0,0,0
HVL FLAMM TOXIC,39099,CALIBER NORTH DAKOTA LLC,4.3,0.4,,,4,0,0,0,0
HVL FLAMM TOXIC,39105,VALERO PARTNERS OPERATING CO. LLC,2.2,0,,,2,0,0,0,0
HVL FLAMM TOXIC,39122,UTICA EAST OHIO MIDSTREAM LLC,62.8,2.9,,,63,0,0,0,0
HVL FLAMM TOXIC,39132,"COLUMBIA MIDSTREAM GROUP, LLC",36.3,21.57,,,36,0,0,0,0
HVL FLAMM TOXIC,39138,"BOARDWALK LOUISIANA MIDSTREAM, LLC",466.3,268.1,,,466,0,0,0,0
HVL FLAMM TOXIC,39156,"FRIO LASALLE PIPELINE, LP",49.1,0,,,49,0,0,0,0
HVL FLAMM TOXIC,39183,"MEDALLION OPERATING COMPANY, LLC",6.5,0,,,7,0,0,0,0
HVL FLAMM TOXIC,39187,"THUNDER CREEK NGL PIPELINE, LLC",,,109.6,16.4,110,109.6,0,0,0
HVL FLAMM TOXIC,39216,TALLGRASS MIDSTREAM LLC,,,18.2,8,18,0,0,0,0
HVL FLAMM TOXIC,39228,ANDEAVOR FIELD SERVICES LLC,101.4,23,,,101,0,0,0,0
HVL FLAMM TOXIC,39231,INTENSITY MIDSTREAM LLC,2.2,0,,,2,0,0,0,0
HVL FLAMM TOXIC,39271,EAGLECLAW MIDSTREAM VENTURES,42.9,2.1,,,43,0,0,0,0
HVL FLAMM TOXIC,39313,"MAVERICK TERMINAL THREE RIVERS, LLC",1.8,0,,,2,0,0,0,0
HVL FLAMM TOXIC,39341,"CHALMETTE LOUISIANA LIQUIDS, LLC",42.3,0,,,42,0,0,0,0
HVL FLAMM TOXIC,39376,"BLUE CUBE OPERATIONS, LLC.",1.4,1.43,,,1,0,0,0,0
HVL FLAMM TOXIC,39398,INEOS USA LLC,375,343.12,,,375,0,0,0,0
HVL FLAMM TOXIC,39436,INDORAMA VENTURES OLEFINS LLC,0.1,0,32.7,23.22,33,0,0,0,0
HVL FLAMM TOXIC,39443,"NAVITAS MDSTR MIDLAND BASIN, LLC",1.5,0,,,2,0,0,0,0
HVL FLAMM TOXIC,39459,"AMERICAN MIDSTREAM PERMIAN, LLC",9.7,0,,,10,0,0,0,0
HVL FLAMM TOXIC,39467,"KURARAY AMERICA, INC.",9.1,9.14,,,9,9.1,0,0,0
HVL FLAMM TOXIC,39474,MODA INGLESIDE LLC,18.1,16.24,,,18,0,0,0,0
HVL FLAMM TOXIC,39477,"KEYERA ENERGY, INC.",60.5,15.48,,,61,0,0,8,8
HVL FLAMM TOXIC,39487,COPANO PROCESSING LLC,3.2,2.31,,,3,0,0,0,0
HVL FLAMM TOXIC,39488,"KINGFISHER MIDSTREAM, LLC",4.1,0,,,4,0,0,0,0
HVL FLAMM TOXIC,39492,"CELANESE CHEMICALS, INC",21.5,13.75,,,22,0,0,0,0
HVL FLAMM TOXIC,39511,CAPROCK PERMIAN PROCESSING LLC,10.5,0,,,11,0,0,0,0
HVL FLAMM TOXIC,39512,DELAWARE G&P LLC,2.5,0,,,3,0,0,0,0
HVL FLAMM TOXIC,39518,KINDER MORGAN UTOPIA LLC,,,265.7,42.84,266,0,0,0,0
HVL FLAMM TOXIC,39566,LUCID ENERGY DELAWARE LLC,27.6,0,,,28,27.6,0,0,0
HVL FLAMM TOXIC,39596,PERMIAN EXPRESS PARTNERS LLC,63,6,,,63,0,0,0,0
HVL FLAMM TOXIC,39600,VAQUERO PERMIAN PROCESSING LLC,3.3,0,,,3,3.3,0,0,0
HVL FLAMM TOXIC,39617,SHELL OIL PRODUCTS US - CONVENT REFINERY,20.7,4.9,,,21,0,0,0,0
HVL FLAMM TOXIC,39637,UTAH GAS OP LTD DBA UTAH GAS CORP,,,16.7,0,17,0,0,0,0
HVL FLAMM TOXIC,39638,ALTUS MIDSTREAM NGL PIPELINE LP,25.6,16.71,,,26,0,0,0,0
HVL FLAMM TOXIC,39648,VALERO HOUSTON REFINERY,3.8,3.78,,,4,0,0,0,0
HVL FLAMM TOXIC,39663,"PETROGAS WEST, LLC",0.4,0,,,0,0,0,2,2
HVL FLAMM TOXIC,39687,"BRAZOS DELAWARE CRUDE, LLC",12.4,0,,,12,0,0,0,0
HVL FLAMM TOXIC,39731,VANTAGE PIPELINE US LP,,,127.1,3.68,127,0,0,0,0
HVL FLAMM TOXIC,39752,"STAKEHOLDER GAS UTILITY, LLC",31,0.4,,,31,0,0,0,0
HVL FLAMM TOXIC,39785,"EPIC CONSOLIDATED OPERATIONS, LLC",409.9,31.24,27.5,6.8,437,0,0,0,0
HVL FLAMM TOXIC,39821,AGRIUM U.S. INC.,,,,,,,0,4,4
HVL FLAMM TOXIC,39823,TARGA DOWNSTREAM LLC,32.5,0,306.9,71.9,339,0,0,0,0
HVL FLAMM TOXIC,39832,CCI SAN JUAN LLC,26.1,6,,,26,0,0,0,0
HVL FLAMM TOXIC,39848,LAMBDA ENERGY RESOURCES LLC,225,89.5,,,225,0,0,0,0
HVL FLAMM TOXIC,39849,"COASTAL CAVERNS, INC.",1,0,,,1,1,0,0,0
HVL FLAMM TOXIC,39892,DAYLIGHT PETROLEUM LLC,1.2,0,,,1,0,0,0,0
HVL FLAMM TOXIC,39910,COGENT MIDSTREAM PRODUCTS LLC,21.1,0,,,21,21.1,0,0,0
HVL FLAMM TOXIC,39919,"MARKWEST BLUESTONE ETHANE PIPELINE, L.L.C.",,,30,27.16,30,0,0,0,0
HVL FLAMM TOXIC,39920,"MARKWEST LIBERTY ETHANE PIPELINE, L.L.C.",,,173.3,21.23,173,0,0,0,0
HVL FLAMM TOXIC,39922,"MARKWEST LIBERTY NGL PIPELINE, L.L.C.",,,145.1,21.23,145,0,0,0,0
HVL FLAMM TOXIC,39924,"MARKWEST JAVELINA COMPANY, L.L.C.",34.9,25.28,,,35,0,0,0,0
HVL FLAMM TOXIC,39941,"MARKWEST UTICA EMG, L.L.C.",123.2,44.51,,,123,0,0,0,0
HVL FLAMM TOXIC,39950,"3 BEAR DELAWARE OPERATING-NM, LLC",6.7,2.52,,,7,6.7,0,0,0
HVL FLAMM TOXIC,39960,"MARKWEST PIPELINE COMPANY, L.L.C.",,,49.3,0.8,49,0,0,0,0
HVL FLAMM TOXIC,39965,"CONTINUUM ENERGY SERVICES, LLC",3.3,0,,,3,3.3,0,0,0
HVL FLAMM TOXIC,39975,REO OPERATING LLC,,,,,,,0,0,0
HVL FLAMM TOXIC,39976,"MARKWEST LIBERTY BLUESTONE, L.L.C.",15,6.27,,,15,0,0,0,0
HVL FLAMM TOXIC,40020,"REXTAC, LLC",11.1,0,,,11,0,0,0,0
REFINED PP,300,"PLAINS PIPELINE, L.P.",3.7,0,,,4,0,0,0,0
REFINED PP,879,CHEMOIL TERMINALS CORP.,11.9,11.9,,,12,0,0,16,16
REFINED PP,994,"WILLIAMS FIELD SERVICES - GULF COAST COMPANY, LP",15.3,15.32,,,15,0,0,0,0
REFINED PP,1047,HESS CORPORATION,16,0,,,16,0,0,0,0
REFINED PP,2190,CENTRAL FLORIDA PIPELINE CORP,205.7,187.16,,,206,0,0,3,3
REFINED PP,2714,"DOMINION ENERGY TRANSMISSION, INC.",29.1,29.12,,,29,0,0,0,0
REFINED PP,2730,CHEVRON PRODUCTS COMPANY,,,,,,,0,11,11
REFINED PP,2731,CHEVRON PIPE LINE CO,322.6,283.1,,,323,0,0,0,0
REFINED PP,6911,GULF STATE PIPELINE CO INC,55,7.4,,,55,0,0,0,0
REFINED PP,8014,IDAHO PIPELINE CORP,2.3,2.32,,,2,0,0,2,2
REFINED PP,8166,"ADELPHIA GATEWAY, LLC",49.4,47,,,49,0,0,0,0
REFINED PP,8175,INTERSTATE STORAGE & PIPELINE C0,11.8,7.8,,,12,0,0,0,0
REFINED PP,10250,KIANTONE PIPELINE CORP,6.9,2.94,,,7,0,0,4,4
REFINED PP,11272,LAVACA PIPELINE CO,13.1,5.08,,,13,0,0,0,0
REFINED PP,11551,"DELEK LOGISTICS OPERATING, LLC.",165.9,19.54,,,166,0,0,0,0
REFINED PP,11733,LOOP LLC,,,21.4,2.88,21,0,0,0,0
REFINED PP,12624,EXXONMOBIL OIL CORPORATION,32.5,25.41,,,33,0,0,9,9
REFINED PP,12628,MOBIL PIPE LINE COMPANY,3.3,3.27,,,3,0,0,0,0
REFINED PP,12913,SUPERIOR REFINING COMPANY LLC,5.6,5.57,,,6,0,0,1,1
REFINED PP,14194,"OILTANKING, HOUSTON LP",4.7,4.68,,,5,0,0,0,0
REFINED PP,15485,PHILLIPS 66 COMPANY - SWEENY REFINERY,75.7,19.16,,,76,0,0,0,0
REFINED PP,15645,PLACID PIPELINE COMPANY LLC,9,9,,,9,0,0,0,0
REFINED PP,15851,"DELEK MARKETING AND SUPPLY, LP",105.6,11.11,,,106,0,0,8,8
REFINED PP,15915,"PIPELINES OF PUERTO RICO INCD, THE",9.5,9.5,,,10,0,0,2,2
REFINED PP,18275,SHELL CHEMICAL CO,6.3,6.3,,,6,0,0,0,0
REFINED PP,19319,"TPC GROUP, LLC",16.5,16.54,,,17,0,0,0,0
REFINED PP,20202,ULTRAMAR INC,24.2,24.15,,,24,0,0,0,0
REFINED PP,21359,SASOL CHEMICALS USA LLC,12.7,12.7,,,13,0,0,0,0
REFINED PP,22465,TARGA PIPELINE MID-CONTINENT WESTTEX LLC,6.7,0,,,7,0,0,0,0
REFINED PP,22855,"FLINT HILLS RESOURCES, LC",858.1,496.64,501.9,281.71,1360,0,0,19,19
REFINED PP,25146,"EQUISTAR CHEMICALS, L.P.",114,101.81,,,114,0,0,1,1
REFINED PP,26039,FLORIDA POWER & LIGHT CO,52.3,44.82,,,52,0,0,4,4
REFINED PP,26045,"PAR HAWAII REFINING, LLC",24,24,,,24,0,0,2,2
REFINED PP,26048,HUNT REFINING CO,47.4,40.2,,,47,0,0,4,4
REFINED PP,26049,"COUNTRYMARK REFINING AND LOGISTICS, LLC",247.1,210.1,,,247,0,0,12,12
REFINED PP,26054,KEY WEST PIPELINE CO,7,7,,,7,0,0,0,0
REFINED PP,26061,"DELEK CRUDE LOGISTICS, LLC.",118,17.08,,,118,0,0,6,6
REFINED PP,26065,CHS MCPHERSON REFINERY INC.,20.7,13.14,,,21,0,0,0,0
REFINED PP,26094,NUSTAR TERMINALS OPERATIONS PARTNERSHIP L. P.,22.8,22.6,13,13,36,0,0,66,66
REFINED PP,26111,UNITED REFINING CO,1.9,0.93,,,2,0,0,0,0
REFINED PP,26112,VALERO REFINING-TEXAS L.P.,31.8,31.79,,,32,0,0,6,6
REFINED PP,26120,COLLINS PIPELINE CO,,,124.5,77.3,125,0,0,0,0
REFINED PP,26134,EXXONMOBIL OIL CORP - WEST COAST,9.3,0,,,9,0,0,0,0
REFINED PP,26136,PARAMOUNT PETROLEUM CORP,8.7,8.72,,,9,0,0,0,0
REFINED PP,30003,HOUSTON REFINING LP.,3,3,,,3,0,0,4,4
REFINED PP,30683,WESTLAKE PETROCHEMICALS LLC,6.8,0.36,,,7,0,0,1,1
REFINED PP,30709,HUNTSMAN PETROCHEMICAL LLC,15.4,2.6,,,15,0,0,0,0
REFINED PP,30755,CITGO PRODUCTS PIPELINE CO,237,107.73,,,237,0,0,1,1
REFINED PP,30756,WYOMING REFINING CO,40.5,1,,,41,0,0,0,0
REFINED PP,30777,MOTIVA ENTERPRISE LLC,62.2,62.17,,,62,0,0,0,0
REFINED PP,30829,ENTERPRISE CRUDE PIPELINE LLC,9.3,8.92,21.4,0,31,0,0,0,0
REFINED PP,30901,AIRCRAFT SERVICES INTERNATIONAL GROUP (ASIG),7.6,7.6,,,8,0,0,1,1
REFINED PP,30959,THE DOW CHEMICAL COMPANY,58,54.29,,,58,0,0,0,0
REFINED PP,31023,CITGO REFINING & CHEMICAL CO. L.P.,48.6,48.6,,,49,0,0,0,0
REFINED PP,31049,MCCHORD PIPELINE CO.,14.3,14.25,,,14,0,0,0,0
REFINED PP,31051,"TIDEWATER, INC",17.4,17.44,,,17,0,0,19,19
,31056,"SIGNATURE FLIGHT SUPPORT, M&O _ HONOLULU",6,6,,,6,0,0,16,16
REFINED PP,31057,"HECO - HAWAIIAN ELECTRIC COMPANY, INC.",18,18,,,18,0,0,0,0
REFINED PP,31083,HAWAII ELECTRIC LIGHT,2,2,,,2,0,0,1,1
REFINED PP,31130,DCP MIDSTREAM,28.5,4.33,,,29,0,0,0,0
REFINED PP,31135,PETRO-DIAMOND TERMINAL COMPANY,1.8,0.36,,,2,0,0,0,0
REFINED PP,31136,WICKLAND PIPELINES LLC,12.6,12.6,,,13,0,0,0,0
REFINED PP,31202,"ENABLE MIDSTREAM PARTNERS, LP",45,1.26,,,45,0,0,1,1
REFINED PP,31228,"CALIFORNIA RESOURCES ELK HILLS, LLC",11,10.25,,,11,0,0,0,0
REFINED PP,31312,WEST PHOENIX POWER PLANT,2,0,,,2,0,0,0,0
REFINED PP,31420,VOPAK TERMINAL LOS ANGELES INC.,10.6,10.61,,,11,0,0,21,21
REFINED PP,31443,"ALON USA, LP",196,12.6,,,196,0,0,0,0
REFINED PP,31451,KINDER MORGAN TEXAS PIPELINE CO,3.3,0,,,3,0,0,0,0
REFINED PP,31460,DOD DEFENSE ENERGY SUPPORT CENTER,79.3,79.31,,,79,0,0,0,0
REFINED PP,31472,SCISSORTAIL ENERGY LLC,1.4,0.09,,,1,0,0,0,0
REFINED PP,31476,ROSE ROCK MIDSTREAM L.P.,35.8,27.16,,,36,0,0,0,0
REFINED PP,31502,OCCIDENTAL PERMIAN LTD,2,0,,,2,0,0,0,0
REFINED PP,31526,DELAWARE STORAGE AND PIPELINE COMPANY,10.6,6.72,,,11,0,0,0,0
REFINED PP,31574,"WESTERN REFINING LOGISTICS, LP",3.9,3.9,,,4,0,0,0,0
REFINED PP,31579,"MAGELLAN PIPELINES HOLDINGS, LP",30.3,30.12,,,30,0,0,0,0
REFINED PP,31580,"MAGELLAN TERMINALS HOLDINGS, LP",19.8,19.79,,,20,0,0,121,121
REFINED PP,31721,PIPELINE TECHNOLOGY,22,22,,,22,0,0,0,0
REFINED PP,31723,EXXONMOBIL FUELS AND LUBRICANTS COMPANY,23.4,23.41,,,23,0,0,0,0
REFINED PP,31779,SWISSPORT FUELING INC,12.3,12.28,,,12,0,0,12,12
REFINED PP,31816,"MID-CONTINENT FRACTIONATION AND STORAGE, L.L.C.",3.5,0,,,4,0,0,0,0
REFINED PP,31822,SUNCOR ENERGY (USA) PIPELINE CO.,4.2,4.17,,,4,0,0,0,0
REFINED PP,31847,"CALUMET LUBRICANTS CO., L. P.",6.4,3,,,6,0,0,4,4
REFINED PP,31933,CALCASIEU REFINING COMPANY,5.4,5.4,,,5,0,0,0,0
REFINED PP,31970,"CONOCOPHILLIPS ALASKA, INC.",34.7,34.74,,,35,0,0,0,0
REFINED PP,32005,"ENLINK PROCESSING SERVICES, LLC",23,3.2,,,23,0,0,0,0
REFINED PP,32051,"MARTIN OPERATING PARTNERSHIP, L.P.",5.8,5.82,,,6,0,0,1,1
REFINED PP,32082,"ZENITH ENERGY TERMINALS HOLDINGS, LLC",1.6,1.57,,,2,0,0,1,1
REFINED PP,32095,"LBC HOUSTON, L.P.",5.4,5.43,,,5,0,0,0,0
REFINED PP,32117,"ENLINK ASCENSION PIPELINE COMPANY, LLC",32.5,28.07,,,33,0,0,0,0
REFINED PP,32120,NORTHVILLE INDUSTRIES CORP.,36.7,36.69,,,37,0,0,9,9
REFINED PP,32135,PHILLIPS 66 COMPANY - LOS ANGELES REFINERY,13,12,,,13,0,0,4,4
REFINED PP,32174,MCCAIN PIPELINE COMPANY,5.1,0,,,5,0,0,3,3
REFINED PP,32223,VALERO REFINING COMPANY - CALIFORNIA,3.4,3.43,,,3,0,0,0,0
REFINED PP,32272,SAN ANTONIO PIPELINE CORPORATION,14,14,,,14,0,0,2,2
REFINED PP,32284,PENNZOIL-QUAKER STATE D/B/A SOPUS PRODUCTS,12.3,12.3,,,12,0,0,0,0
REFINED PP,32296,TARGA RESOURCES OPERATING LLC,1.9,0,,,2,0,0,0,0
REFINED PP,32331,"PASADENA REFINING SYSTEM, INC.",8,8.01,,,8,0,0,0,0
REFINED PP,32346,"TOTAL PETROCHEMICALS PIPELINE USA , INC.",14.7,14.72,,,15,0,0,0,0
REFINED PP,32364,"VALERO REFINING-NEW ORLEANS, L.L.C.",1.6,1.62,,,2,0,0,0,0
REFINED PP,32453,BPX (EAGLE FORD) GATHERING LLC,192.6,3.65,,,193,0,0,6,6
REFINED PP,32473,OP RENO LLC,,,,,,,0,2,2
REFINED PP,32481,"BKEP CRUDE, LLC",1.7,0,,,2,0,0,0,0
REFINED PP,32495,"DELAWARE PIPELINE COMPANY, LLC",,,23.4,23.4,23,0,0,0,0
REFINED PP,32520,CITY OF BANGOR,0.9,0.93,,,1,0,0,0,0
REFINED PP,32522,NRG OSWEGO HARBOR POWER,4.2,4.2,,,4,0,0,0,0
REFINED PP,32559,"ALON USA KROTZ SPRINGS REFINERY, INC",2.8,0.7,,,3,0,0,0,0
REFINED PP,32572,"TOLEDO REFINING COMPANY, LLC",4.2,4.18,,,4,0,0,2,2
REFINED PP,32614,"WILLIAMS OLEFINS FEEDSTOCK PIPELINES, LLC",32.2,32.17,,,32,0,0,0,0
REFINED PP,38895,KINDER MORGAN SOUTHEAST TERMINALS,3.8,2.92,,,4,0,0,13,13
REFINED PP,38964,"PHILADELPHIA ENERGY SOLUTIONS REFINING AND MARKETING, LLC",15.2,15.24,,,15,0,0,0,0
REFINED PP,39065,HESS ND,3.8,0.08,,,4,0,0,0,0
REFINED PP,39073,OCI BEAUMONT LLC,4.6,0,,,5,0,0,0,0
REFINED PP,39108,BLUEFISH PIPELINE LLC,15.9,10.78,,,16,0,0,0,0
REFINED PP,39149,IMTT-BAYONNE,3.4,3.35,,,3,0,0,115,115
REFINED PP,39191,CONSOLIDATED EDISON CO OF NY,0.9,0.92,,,1,0,0,0,0
REFINED PP,39294,"CAELUS NATURAL RESOURCES ALASKA, LLC",8,8,,,8,0,0,0,0
REFINED PP,39369,ELLSJET TERMINAL,6.5,6.51,,,7,0,0,2,2
REFINED PP,39398,INEOS USA LLC,72,65.43,,,72,0,0,0,0
REFINED PP,39401,GREAT SALT PLAINS PIPELINE LLC,0.2,0,,,0,0,0,0,0
REFINED PP,39409,"CHALMETTE REFINING, L.L.C.",1.7,1.69,,,2,0,0,0,0
REFINED PP,39433,"MAGELLAN OPERATING COMPANY, LLC",0,0,,,0,0,0,11,11
REFINED PP,39442,JAMES LAKE MIDSTREAM,4.8,0,,,5,0,0,0,0
REFINED PP,39506,PEAK MIDSTREAM GOLDSBORO LLC,5.6,4.89,,,6,0,0,0,0
REFINED PP,39509,"ITC PIPELINE COMPANY, LLC",3.9,3.87,,,4,0,0,12,12
REFINED PP,39532,TORRANCE BASIN PIPELINE COMPANY LLC,8.3,8.28,,,8,0,0,0,0
REFINED PP,39533,TORRANCE LOGISTICS COMPANY LLC,,,,,,,0,18,18
REFINED PP,39535,TORRANCE PIPELINE COMPANY LLC,85.9,85.88,,,86,0,0,12,12
REFINED PP,39556,ISLAND ENERGY SERVICES,45.3,45.26,,,45,0,0,0,0
REFINED PP,39639,TANKS R US,0,0,,,0,0,0,1,1
REFINED PP,39647,VALERO TEXAS CITY REFINERY,5.2,5.22,,,5,0,0,0,0
REFINED PP,39648,VALERO HOUSTON REFINERY,9.6,9.57,,,10,0,0,0,0
REFINED PP,39739,OCELOT ENERGY MANAGEMENT LLC,16.7,15,,,17,0,0,0,0
REFINED PP,39745,"SEAPORT MIDSTREAM PARTNERS, LLC.",,,,,,,0,13,13
REFINED PP,39820,"MAVERICK TERMINALS CORPUS, LLC",1.3,1.31,,,1,0,0,0,0
REFINED PP,39827,"SWISSPORT SA FUEL SERVICES, LLC",1.5,1.5,,,2,0,0,3,3
REFINED PP,39832,CCI SAN JUAN LLC,26.1,0,,,26,0,0,0,0
REFINED PP,39837,PARAMOUNT PIPELINE LLC,12.7,12.72,,,13,0,0,0,0
REFINED PP,39888,FORE RIVER ENERGY CENTER,0.3,0.3,,,0,0,0,0,0
REFINED PP,39906,"SEAPORT SOUND TERMINAL, LLC",2.7,2.7,,,3,0,0,1,1
REFINED PP,40051,VALERO REFINING - MERAUX LLC,0.9,0.85,,,1,0,0,0,0
REFINED PP,99001,DEFENSE FUEL SUPPLY POINT,4.7,4.72,,,5,0,0,0,0
REFINED PP,99002,TAMPA AIRPORT PIPELINE CORPORATION,10.5,10.5,,,11,0,0,3,3
REFINED PP,99031,CITGO PETROLEUM CORPORATION (TERMINALS),19.4,19.39,,,19,0,0,104,104
REFINED PP,99043,PETROLEUM FUEL AND TERMINAL COMPANY,3.1,3.1,,,3,0,0,19,19
Grand Total,,,"66,004.30","25,828.95","152,997.30","65,946.22",219002,"3,837.90","5,234","3,025",8259
